{"best_threshold": 0.3835488259792328, "best_f1_score": 0.720792738779249, "final_precision": 0.6285216381063027, "final_recall": 0.8448174897520984, "final_f1_score": 0.720792738779249}