{"loss": [0.9761713147163391, 0.39391058683395386, 0.2449462115764618, 0.17241930961608887, 0.13163956999778748, 0.10334324091672897, 0.08673860877752304, 0.07434847205877304, 0.0599210187792778, 0.0551665723323822, 0.0504816509783268, 0.04467539116740227, 0.042205560952425, 0.03769974783062935, 0.014118189923465252], "accuracy": [0.7060672640800476, 0.8728074431419373, 0.9198094010353088, 0.942627489566803, 0.9566113948822021, 0.9660715460777283, 0.9715626835823059, 0.9757024049758911, 0.9801835417747498, 0.9813784956932068, 0.9842378497123718, 0.9852905869483948, 0.9865850806236267, 0.9878654479980469, 0.9951063394546509], "val_loss": [0.3691529929637909, 0.2745894193649292, 0.25863978266716003, 0.12061570584774017, 0.34959614276885986, 0.1746482253074646, 0.10840588063001633, 0.14163146913051605, 0.07516399025917053, 0.21265797317028046, 0.06333118677139282, 0.1252496987581253, 0.0861935168504715, 0.08520936220884323, 0.03672461211681366], "val_accuracy": [0.881572961807251, 0.9116776585578918, 0.9166856408119202, 0.9612451791763306, 0.8950034379959106, 0.9447416067123413, 0.9672206044197083, 0.9566924571990967, 0.9760414361953735, 0.9418392777442932, 0.9804233908653259, 0.9666514992713928, 0.9754154086112976, 0.9757568836212158, 0.9911791682243347], "lr": [9.999999747378752e-05, 9.999999747378752e-05, 9.999999747378752e-05, 9.999999747378752e-05, 9.999999747378752e-05, 9.999999747378752e-05, 9.999999747378752e-05, 9.999999747378752e-05, 9.999999747378752e-05, 9.999999747378752e-05, 9.999999747378752e-05, 9.999999747378752e-05, 9.999999747378752e-05, 9.999999747378752e-05, 4.999999873689376e-05]}